{"val_loss": [1.4230409015655519, 1.079132242012024, 0.9279415517807007, 0.9140571172714234, 0.7327360004425049, 0.7062132263183594, 0.7877998199462891, 0.9416181324005127, 0.784339072227478, 0.7572669183731079, 0.8205117019653321, 0.777359090423584, 0.8893762603759766, 0.83911903591156, 1.1706555513381958, 0.8498197261810303, 1.103381685256958, 0.9521216087341309, 1.5040721115112305, 0.9308152687072754], "val_accuracy": [0.4674000144004822, 0.6096000075340271, 0.6754000186920166, 0.6887999773025513, 0.746399998664856, 0.7627999782562256, 0.756600022315979, 0.718999981880188, 0.7674000263214111, 0.7814000248908997, 0.7857999801635742, 0.7851999998092651, 0.7832000255584717, 0.7918000221252441, 0.771399974822998, 0.7856000065803528, 0.7796000242233276, 0.7775999903678894, 0.7712000012397766, 0.7832000255584717], "loss": [1.7004050095452203, 1.211113198492262, 0.9765775299496121, 0.8341230587747362, 0.7144952904489306, 0.6195088552898831, 0.5304128093242645, 0.4593428112347921, 0.3990252770476871, 0.3514829169485304, 0.3143098978943295, 0.2777393956581751, 0.25944203882747224, 0.24404991852177513, 0.23078691290749445, 0.22044827793439228, 0.2227370176633199, 0.2137593025578393, 0.21542031478881835, 0.21144116225507525], "accuracy": [