{"val_loss": [1.2985474670410155, 1.0079924835205079, 0.9157387668609619, 0.7979385120391845, 0.7153781009674072], "val_accuracy": [0.526199996471405, 0.6417999863624573, 0.6812000274658203, 0.7279999852180481, 0.7585999965667725], "loss": [1.7032649908913506, 1.2233857527838814, 0.9986359208636814, 0.8383269698672824, 0.7172947004106309], "accuracy": [